Value Name,Value,Comment,Software Version,Software Date
hrm1,1,
axh01,2,AXH01 HRM chipset
axb01,3,
axb02,4,
hrm2ss,5,
dsi_alf02,6,
hrm3ss,7,
hrm_run_single_byte_product_id,8,hrm_run model for HRM ANT+ messaging
bsm,9,BSM model for ANT+ messaging
bcm,10,BCM model for ANT+ messaging
axs01,11,AXS01 HRM Bike Chipset model for ANT+ messaging
hrm_tri_single_byte_product_id,12,hrm_tri model for HRM ANT+ messaging
hrm4_run_single_byte_product_id,13,hrm4 run model for HRM ANT+ messaging
fr225_single_byte_product_id,14,fr225 model for HRM ANT+ messaging
gen3_bsm_single_byte_product_id,15,gen3_bsm model for Bike Speed ANT+ messaging
gen3_bcm_single_byte_product_id,16,gen3_bcm model for Bike Cadence ANT+ messaging
hrm_fit_single_byte_product_id,22,
OHR,255,Garmin Wearable Optical Heart Rate Sensor for ANT+ HR Profile Broadcasting
fr301_china,473,
fr301_japan,474,
fr301_korea,475,
fr301_taiwan,494,
fr405,717,Forerunner 405
fr50,782,Forerunner 50
fr405_japan,987,
fr60,988,Forerunner 60
dsi_alf01,1011,
fr310xt,1018,Forerunner 310
edge500,1036,
fr110,1124,Forerunner 110
edge800,1169,
edge500_taiwan,1199,
edge500_japan,1213,
chirp,1253,
fr110_japan,1274,
edge200,1325,
fr910xt,1328,
edge800_taiwan,1333,
edge800_japan,1334,
alf04,1341,
fr610,1345,
fr210_japan,1360,
vector_ss,1380,
vector_cp,1381,
edge800_china,1386,
edge500_china,1387,
approach_g10,1405,
fr610_japan,1410,
edge500_korea,1422,
fr70,1436,
fr310xt_4t,1446,
amx,1461,
fr10,1482,
edge800_korea,1497,
swim,1499,
fr910xt_china,1537,
fenix,1551,
edge200_taiwan,1555,
edge510,1561,
edge810,1567,
tempe,1570,
fr910xt_japan,1600,
fr620,1623,
fr220,1632,
fr910xt_korea,1664,
fr10_japan,1688,
edge810_japan,1721,
virb_elite,1735,
edge_touring,1736,Also Edge Touring Plus
edge510_japan,1742,
hrm_tri,1743,Also HRM-Swim
hrm_run,1752,
fr920xt,1765,
edge510_asia,1821,
edge810_china,1822,
edge810_taiwan,1823,
edge1000,1836,
vivo_fit,1837,
virb_remote,1853,
vivo_ki,1885,
fr15,1903,
vivo_active,1907,
edge510_korea,1918,
fr620_japan,1928,
fr620_china,1929,
fr220_japan,1930,
fr220_china,1931,
approach_s6,1936,
vivo_smart,1956,
fenix2,1967,
epix,1988,,360,2020-07-15
fenix3,2050,
edge1000_taiwan,2052,
edge1000_japan,2053,
fr15_japan,2061,
edge520,2067,,1320,2020-08-12
edge1000_china,2070,
fr620_russia,2072,
fr220_russia,2073,
vector_s,2079,
edge1000_korea,2100,
fr920xt_taiwan,2130,
fr920xt_china,2131,
fr920xt_japan,2132,
virbx,2134,
vivo_smart_apac,2135,
etrex_touch,2140,
edge25,2147,
fr25,2148,
vivo_fit2,2150,
fr225,2153,
fr630,2156,
fr230,2157,
fr735xt,2158,
vivo_active_apac,2160,
vector_2,2161,
vector_2s,2162,
virbxe,2172,
fr620_taiwan,2173,
fr220_taiwan,2174,
truswing,2175,
d2airvenu,2187,
fenix3_china,2188,
fenix3_twn,2189,
varia_headlight,2192,
varia_taillight_old,2193,
edge_explore_1000,2204,
fr225_asia,2219,
varia_radar_taillight,2225,
varia_radar_display,2226,
edge20,2238,
edge520_asia,2260,
edge520_japan,2261,
d2_bravo,2262,
approach_s20,2266,
vivo_smart2,2271,
edge1000_thai,2274,
varia_remote,2276,
edge25_asia,2288,
edge25_jpn,2289,
edge20_asia,2290,
approach_x40,2292,
fenix3_japan,2293,
vivo_smart_emea,2294,
fr630_asia,2310,
fr630_jpn,2311,
fr230_jpn,2313,
hrm4_run,2327,
epix_japan,2332,
vivo_active_hr,2337,
vivo_smart_gps_hr,2347,
vivo_smart_hr,2348,
vivo_smart_hr_asia,2361,
vivo_smart_gps_hr_asia,2362,
vivo_move,2368,
varia_taillight,2379,
fr235_asia,2396,
fr235_japan,2397,
varia_vision,2398,
vivo_fit3,2406,
fenix3_korea,2407,
fenix3_sea,2408,
fenix3_hr,2413,
virb_ultra_30,2417,
index_smart_scale,2429,
fr235,2431,
fenix3_chronos,2432,
oregon7xx,2441,
rino7xx,2444,
epix_korea,2457,
fenix3_hr_chn,2473,
fenix3_hr_twn,2474,
fenix3_hr_jpn,2475,
fenix3_hr_sea,2476,
fenix3_hr_kor,2477,
nautix,2496,
vivo_active_hr_apac,2497,
fr35,2503,
oregon7xx_ww,2512,
edge_820,2530,,1270,2020-09-11
edge_explore_820,2531,,1270,2020-09-11
fr735xt_apac,2533,
fr735xt_japan,2534,
fenix5s,2544,
d2_bravo_titanium,2547,
varia_ut800,2567,Varia UT 800 SW
running_dynamics_pod,2593,
edge_820_china,2599,
edge_820_japan,2600,
fenix5x,2604,
vivo_fit_jr,2606,
vivo_smart3,2622,
vivo_sport,2623,
edge_820_taiwan,2628,
edge_820_korea,2629,
edge_820_sea,2630,
fr35_hebrew,2650,
approach_s60,2656,
fr35_apac,2667,
fr35_japan,2668,
fenix3_chronos_asia,2675,
virb_360,2687,
fr935,2691,
fenix5,2697,
vivoactive3,2700,
fr235_china_nfc,2733,
foretrex_601_701,2769,
vivo_move_hr,2772,
edge_1030,2713,,1375,2023-03-22
fr35_sea,2727,
vector_3,2787,
fenix5_asia,2796,
fenix5s_asia,2797,
fenix5x_asia,2798,
approach_z80,2806,
fr35_korea,2814,
d2charlie,2819,
vivo_smart3_apac,2831,
vivo_sport_apac,2832,
fr935_asia,2833,
descent,2859,
vivo_fit4,2878,
fr645,2886,
fr645m,2888,
fr30,2891,
fenix5s_plus,2900,
Edge_130,2909,,380,2021-07-07
edge_1030_asia,2924,
vivosmart_4,2927,
vivo_move_hr_asia,2945,
approach_x10,2962,
fr30_asia,2977,
vivoactive3m_w,2988,
fr645_asia,3003,
fr645m_asia,3004,
edge_explore,3011,
gpsmap66,3028,
approach_s10,3049,
vivoactive3m_l,3066,
fr245,3076,
fr245_music,3077,
approach_g80,3085,
edge_130_asia,3092,
edge_1030_bontrager,3095,
fenix5_plus,3110,
fenix5x_plus,3111,
edge_520_plus,3112,,570,2020-09-11
fr945,3113,,1370,2024-12-02
edge_530,3121,,975,2023-03-22
edge_830,3122,,975,2023-03-22
instinct_esports,3126,
fenix5s_plus_apac,3134,
fenix5x_plus_apac,3135,
edge_520_plus_apac,3142,
descent_t1,3143,
fr235l_asia,3144,
fr245_asia,3145,
vivo_active3m_apac,3163,
gen3_bsm,3192,gen3 bike speed sensor
gen3_bcm,3193,gen3 bike cadence sensor
vivo_smart4_asia,3218,
vivoactive4_small,3224,
vivoactive4_large,3225,
venu,3226,
marq_driver,3246,
marq_aviator,3247,
marq_captain,3248,
marq_commander,3249,
marq_expedition,3250,
marq_athlete,3251,
descent_mk2,3258,
fr45,3282,
gpsmap66i,3284,
fenix6S_sport,3287,
fenix6S,3288,
fenix6_sport,3289,
fenix6,3290,
fenix6x,3291,
hrm_dual,3299,HRM-Dual
hrm_pro,3300,HRM-Pro
vivo_move3_premium,3308,
approach_s40,3314,
fr245m_asia,3321,
edge_530_apac,3349,
edge_830_apac,3350,
vivo_move3,3378,
vivo_active4_small_asia,3387,
vivo_active4_large_asia,3388,
vivo_active4_oled_asia,3389,
swim2,3405,
marq_driver_asia,3420,
marq_aviator_asia,3421,
vivo_move3_asia,3422,
fr945_asia,3441,
vivo_active3t_chn,3446,
marq_captain_asia,3448,
marq_commander_asia,3449,
marq_expedition_asia,3450,
marq_athlete_asia,3451,
index_smart_scale_2,3461,
instinct_solar,3466,
fr45_asia,3469,
vivoactive3_daimler,3473,
legacy_rey,3498,
legacy_darth_vader,3499,
legacy_captain_marvel,3500,
legacy_first_avenger,3501,
fenix6s_sport_asia,3512,
fenix6s_asia,3513,
fenix6_sport_asia,3514,
fenix6_asia,3515,
fenix6x_asia,3516,
legacy_captain_marvel_asia,3535,
legacy_first_avenger_asia,3536,
legacy_rey_asia,3537,
legacy_darth_vader_asia,3538,
descent_mk2s,3542,
edge_130_plus,3558,,300,2023-01-19
edge_1030_plus,3570,,675,2023-03-22
rally_200,3578,Rally 100/200 Power Meter Series
fr745,3589,
venusq_music,3596,
venusq_music_v2,3599,
venusq,3600,
lily,3615,
marq_adventurer,3624,
enduro,3638,
swim2_apac,3639,
marq_adventurer_asia,3648,
fr945_lte,3652,
descent_mk2_asia,3702,Mk2 and Mk2i
venu2,3703,
venu2s,3704,
venu_daimler_asia,3737,
marq_golfer,3739,
venu_daimler,3740,
fr745_asia,3794,
varia_rct715,3808,
lily_asia,3809,
edge_1030_plus_asia,3812,
edge_130_plus_asia,3813,
approach_s12,3823,
enduro_asia,3872,
venusq_asia,3837,
edge_1040,3843,,2922,2025-11-04
marq_golfer_asia,3850,
venu2_plus,3851,
gnss,3865,Airoha AG3335M Family
fr55,3869,
instinct_2,3888,
instinct_2s,3889,
fenix7s,3905,,2511,2026-01-21
fenix7,3906,,2511,2026-01-21
fenix7x,3907,,2511,2026-01-21
fenix7s_apac,3908,,2511,2026-01-21
fenix7_apac,3909,,2511,2026-01-21
fenix7x_apac,3910,,2511,2026-01-21
approach_g12, 3927,
descent_mk2s_asia,3930,
approach_s42,3934,
epix_gen2,3943,,2511,2026-01-21
epix_gen2_apac,3944,,2511,2026-01-21
venu2s_asia,3949,
venu2_asia,3950,
fr945_lte_asia,3978,
vivo_move_sport,3982,
vivomove_trend,3983,
approach_S12_asia,3986,
fr255_music,3990,,2709,2026-01-15
fr255_small_music,3991,,2709,2026-01-15
fr255,3992,,2709,2026-01-15
fr255_small,3993,,2709,2026-01-15
approach_g12_asia, 4001,
approach_s42_asia,4002,
descent_g1,4005,
venu2_plus_asia,4017,
fr955,4024,,2709,2026-01-15
fr55_asia,4033,
edge_540,4061,,2922,2025-11-04
edge_840,4062,,2922,2025-11-04
vivosmart_5,4063,
instinct_2_asia,4071,
marq_gen2,4105,Adventurer, Athlete, Captain, Golfer
venusq2,4115,
venusq2music,4116,
marq_gen2_aviator,4124,
d2_air_x10,4125,
hrm_pro_plus,4130,
descent_g1_asia,4132,
tactix7,4135,
instinct_crossover,4155,
edge_explore2,4169,
descent_mk3,4222,
descent_mk3i,4223,
approach_s70,4233,
fr265_large,4257,,2709,2026-01-15
fr265_small,4258,,2709,2026-01-15
venu3,4260,
venu3s,4261,
tacx_neo_smart,4265,Neo Smart, Tacx
tacx_neo2_smart,4266,Neo 2 Smart, Tacx
tacx_neo2_t_smart,4267,Neo 2T Smart, Tacx
tacx_neo_smart_bike,4268,Neo Smart Bike, Tacx
tacx_satori_smart,4269,Satori Smart, Tacx
tacx_flow_smart,4270,Flow Smart, Tacx
tacx_vortex_smart,4271,Vortex Smart, Tacx
tacx_bushido_smart,4272,Bushido Smart, Tacx
tacx_genius_smart,4273,Genius Smart, Tacx
tacx_flux_flux_s_smart,4274,Flux/Flux S Smart, Tacx
tacx_flux2_smart,4275,Flux 2 Smart, Tacx
tacx_magnum,4276,Magnum, Tacx
edge_1040_asia,4305,
epix_gen2_pro_42,4312,,2511,2026-01-21
epix_gen2_pro_47,4313,,2511,2026-01-21
epix_gen2_pro_51,4314,,2511,2026-01-21
fr965,4315,,2709,2026-01-15
enduro2,4341,
fenix7s_pro_solar,4374,,2511,2026-01-21
fenix7_pro_solar,4375,,2511,2026-01-21
fenix7x_pro_solar,4376,,2511,2026-01-21
lily2,4380,
instinct_2x,4394,
vivoactive5,4426,
fr165,4432,
fr165_music,4433,
edge_1050,4440,,2922,2025-11-04
descent_t2,4442,
hrm_fit,4446,
marq_gen2_commander,4472,
lily_athlete,4477,aka the Lily 2 Active
rally_x10,4525,Rally 110/210
fenix8_solar,4532,,2029,2026-01-14
fenix8_solar_large,4533,,2029,2026-01-14
fenix8_small,4534,,2029,2026-01-14
fenix8,4536,,2029,2026-01-14
d2_mach1_pro,4556,
enduro3,4575,
instinctE_40mm,4583,
instinctE_45mm,4584,
instinct3_solar_45mm,4585,
instinct3_amoled_45mm,4586,
instinct3_amoled_50mm,4587,
descent_g2,4588,
venu_x1,4603,
hrm_200,4606,
vivoactive6,4625,
fenix8_pro,4631,,2029,2026-01-14
edge_550,4633,,2922,2025-11-04
edge_850,4634,,2922,2025-11-04
venu4,4643,
venu4s,4644,
approachS44,4647,
edge_mtb,4655,
approachS50,4656,
fenix_e,4666,
bounce2,4745,
instinct3_solar_50mm,4759,
tactix8_amoled,4775,
tactix8_solar,4776,
d2_mach2,4879,
instinct_crossover_amoled,4678,
d2_air_x15,4944,
sdm4,10007,SDM4 footpod
edge_remote,10014,
tacx_training_app_win,20533,
tacx_training_app_mac,20534,
tacx_training_app_mac_catalyst,20565,
training_center,20119,
tacx_training_app_android,30045,
tacx_training_app_ios,30046,
tacx_training_app_legacy,30047,
connectiq_simulator,65531,
android_antplus_plugin,65532,
connect,65534,Garmin Connect website
